id,genero, nivel_cargo , edad , antiguedad_anos , vicepresidencia , rango_salarial , nivel_endeudamiento , profesion , nivel_educativo ,estrato,casa_propia,numero_hijos,vehiculo_propio
1155,Femenino,AUXILIAR,23,0,VP FINANCIERA,3053092,0.08,FINANCIERA Y CONTABLE,Tecnológico,Sin información,Sin información,Sin información,Sin información
284,Femenino,ANALISTA,34,4,VP SEGUROS COLOMBIA,4327603,0.1782,NEGOCIOS INTERNACIONALES,Especialización,4,Propia,0,Si
1231,Femenino,DIRECTOR,33,8,,1000,0.3283,INGENIERIA MECANICA,Especialización,5,Arrendada,0,Si
1610,Femenino,ANALISTA,25,2,VP FINANCIERA,4467464,0.3835,ADMINISTRACION DE NEGOCIOS,Universitario,5,Familiar,0,No
1834,Femenino,ANALISTA,40,8,VP SEGURIDAD SOCIAL,4467464,0.5132,ARQUITECTURA,Universitario,6,Propia,1,Si
1277,Femenino,AUXILIAR,27,4,VP FINANCIERA,3155692,0.2194,Sin información,sin información,Sin información,Sin información,Sin información,Sin información
1882,Femenino,ANALISTA,42,20,VP SEGUROS COLOMBIA,4504793,0.2623,ADMINISTRACION DE EMPRESAS,Universitario,3,Propia,1,Si
248,Masculino,ANALISTA,35,8,VP SEGUROS COLOMBIA,4327603,0.1858,INGENIERIA INDUSTRIAL,Universitario,Sin información,Sin información,Sin información,Sin información
480,Femenino,ANALISTA,33,9,VP FINANCIERA,4744052,0.3229,CONTADURIA PUBLICA,Maestría,2,Propia,0,No
56,Femenino,AUXILIAR,37,11,VP FINANCIERA,2030501,0.508,GERENCIA EN SALUD OCUPACIONAL,Universitario,2,Familiar,1,No
4299,Femenino,AUXILIAR,23,2,VP FINANCIERA,2030501,0.2176,ADMINISTRACION,Tecnológico,2,Familiar,0,No
392,Masculino,ANALISTA,40,7,VP FINANCIERA,4467464,0.3661,SISTEMAS,Universitario,2,Propia,2,No
541,Masculino,DIRECTOR,52,11,VP SEGUROS COLOMBIA,13549700,0.3641,INGENIERIA CIVIL,Especialización,6,Propia,2,Si
1893,Masculino,ANALISTA,37,4,VP FINANCIERA,3176066,0.5803,ADMINISTRACION DE NEGOCIOS,Universitario,3,Familiar,0,Si
401,Femenino,DIRECTOR,41,9,VP SEGUROS COLOMBIA,13549700,0.2982,Sin información,Especialización,4,Familiar,1,Si
186,Masculino,ANALISTA,30,4,VP SEGURIDAD SOCIAL,4744052,0.1005,INGENIERIA MECATRONICA,Maestría,5,Familiar,0,No
1598,Femenino,DIRECTOR,35,7,VP FINANCIERA,12910182,0.2891,CONTADURIA,Especialización,4,Arrendada,1,Si
1669,Masculino,ANALISTA,23,0,VP FINANCIERA,3176066,0.09,INGENIERIA ADMINISTRATIVA,Universitario,Sin información,Sin información,Sin información,Sin información
610,Femenino,ANALISTA,22,0,VP FINANCIERA,4467464,0.09,INGENIERIA FINANCIERA,Universitario,Sin información,Sin información,Sin información,Sin información
1281,Femenino,ANALISTA,36,8,VP FINANCIERA,3176066,0.1994,CONTADURIA PUBLICA,Universitario,3,Propia,0,No
1190,Femenino,DIRECTOR,30,4,VP SEGUROS COLOMBIA,13549700,0.2236,INGENIERIA CIVIL,Universitario,Sin información,Sin información,Sin información,Sin información
18633,Femenino,ANALISTA,29,2,VP FINANCIERA,4744052,0.1774,INGENIERIA ADMINISTRATIVA,Especialización,6,Familiar,0,Si
405,Masculino,ANALISTA,39,8,VP SEGUROS COLOMBIA,4327603,0.3529,INGENIERIA QUIMICA,Especialización,3,Familiar,0,Si
96,Femenino,AUXILIAR,34,1,VP FINANCIERA,2030501,0.08,CONTABILIDAD Y FINANZAS,Tecnológico,Sin información,Sin información,Sin información,Sin información
1717,Femenino,ANALISTA,28,0,VP SEGURIDAD SOCIAL,4467464,0.09,INGENIERIA INDUSTRIAL,Universitario,Sin información,Sin información,Sin información,Sin información
1367,Masculino,ANALISTA,27,2,VP FINANCIERA,4467464,0.1781,INGENIERIA DE SISTEMAS E INFORMATICA,Universitario,5,Arrendada,1,No
10900,Femenino,ANALISTA,28,1,VP FINANCIERA,3176066,0.3565,ADMINISTRACION FINANCIERA,Universitario,2,Familiar,0,No
1994,Femenino,AUXILIAR,31,4,VP FINANCIERA,3053092,0.225,GESTION CONTABLE,Universitario,4,Propia,0,Si
372,Masculino,AUXILIAR,50,26,VP FINANCIERA,3155692,0.3056,BACHILLER,Secundaria,3,Propia,2,Si
7544,Femenino,DIRECTOR,41,9,VP SEGURIDAD SOCIAL,12910182,0.4002,INGENIERIA CIVIL,Especialización,5,Propia,2,Si
1058,Femenino,ANALISTA,43,14,VP FINANCIERA,4079122,0.1795,CONTADURIA PUBLICA,Universitario,Sin información,Sin información,Sin información,Sin información
1433,Femenino,AUXILIAR,29,7,VP FINANCIERA,2059969,0.4738,SISTEMAS DE INFORMACION,Tecnológico,2,Propia,1,No
1514,Femenino,ANALISTA,37,6,VP FINANCIERA,4467464,0.4497,CONTADURIA PUBLICA,Especialización,4,Familiar,1,Si
1026,Masculino,AUXILIAR,24,0,VP SEGUROS COLOMBIA,3053092,0.3435,INGENIERIA CIVIL,Universitario,Sin información,Sin información,Sin información,Sin información
1546,Femenino,AUXILIAR,35,0,VP FINANCIERA,2615694,0.1148,CONTADURIA,Especialización,Sin información,Sin información,Sin información,Sin información
350,Masculino,ANALISTA,53,24,VP FINANCIERA,4135501,0.108,ADMINISTRACION DE EMPRESAS,Universitario,3,Propia,0,No
7911,Femenino,ANALISTA,46,20,VP SEGUROS COLOMBIA,4327603,0.2082,INGENIERIA MECANICA,Especialización,Sin información,Sin información,Sin información,Sin información
1867,Masculino,ANALISTA,24,1,VP FINANCIERA,4744052,0.146,INGENIERIA DE PRODUCCION,Especialización,Sin información,Sin información,Sin información,Sin información
1286,Femenino,ANALISTA,24,3,VP FINANCIERA,4467464,0.1012,ADMINISTRACION DE EMPRESAS,Universitario,5,Arrendada,0,No
1426,Femenino,AUXILIAR,29,4,VP FINANCIERA,2030501,0.1786,CONTADURIA PUBLICA,Universitario,Sin información,Sin información,Sin información,Sin información
183,Femenino,ANALISTA,25,3,VP FINANCIERA,4467464,0.2767,INGENIERIA FINANCIERA,Universitario,5,Arrendada,0,No
1694,Femenino,AUXILIAR,38,11,VP FINANCIERA,2030501,0.1065,SIN ESPECIFICAR,Tecnológico,2,Propia,1,No
37,Masculino,PRACTICANTE,26,0,VP SEGURIDAD SOCIAL,1700000,0.08,TECNOLOGIA ELECTRICA,Universitario,Sin información,Sin información,Sin información,Sin información
3471,Femenino,AUXILIAR,39,6,VP FINANCIERA,2030501,0.08,CONTABILIDAD,Técnico,3,Arrendada,1,No
1252,Masculino,AUXILIAR,36,5,VP FINANCIERA,3155692,0.2649,ADMINISTRACION Y FINANZAS,Tecnológico,2,Arrendada,1,Si
1977,Femenino,COORDINADOR,31,7,VP FINANCIERA,6377860,0.1672,ADMINISTRACION DE EMPRESAS,Especialización,4,Arrendada,0,No
650,Masculino,AUXILIAR,31,1,VP FINANCIERA,2030501,0.08,PROCESOS ADMINISTRATIVOS,Técnico,Sin información,Sin información,Sin información,Sin información
572,Femenino,ANALISTA,32,3,VP SEGURIDAD SOCIAL,4467464,0.1413,INGENIERIA CIVIL,Especialización,4,Arrendada,0,No
386,Femenino,ANALISTA,34,12,VP FINANCIERA,4744052,0.2497,INGENIERIA DE SISTEMAS,Especialización,5,Propia,1,Si
980,Masculino,AUXILIAR,47,24,VP FINANCIERA,3053092,0.262,Sin información,sin información,Sin información,Sin información,Sin información,Sin información
651,Masculino,DIRECTOR,36,11,VP SEGUROS COLOMBIA,13549700,0.6101,Sin información,Maestría,5,Propia,1,Si
550,Femenino,ANALISTA,26,1,VP SEGUROS COLOMBIA,4327603,0.1033,DERECHO,Universitario,6,Familiar,0,Si
1682,Masculino,ANALISTA,32,5,VP FINANCIERA,3176066,0.3713,INGENIERIA ELECTRONICA,Universitario,Sin información,Sin información,Sin información,Sin información
786,Femenino,AUXILIAR,49,23,VP FINANCIERA,3155692,0.4675,ADMINISTRACION DE EMPRESAS,Universitario,2,Familiar,3,No
153,Femenino,AUXILIAR,30,1,VP SEGUROS COLOMBIA,3098036,0.2163,INGENIERIA INDUSTRIAL,Especialización,Sin información,Sin información,Sin información,Sin información
49,Femenino,ANALISTA,34,1,VP FINANCIERA,3176066,0.2714,PREESCOLAR,Universitario,Sin información,Sin información,Sin información,Sin información
1925,Femenino,AUXILIAR,33,6,VP FINANCIERA,2030501,0.489,REGENCIA DE FARMACIA,Tecnológico,3,Familiar,1,No
812,Femenino,AUXILIAR,48,10,VP FINANCIERA,2030501,0.3988,DISEÑO Y PRODUCCION GRAFICA,Tecnológico,2,Propia,2,No
369,Femenino,AUXILIAR,29,4,VP SEGURIDAD SOCIAL,2030501,0.1177,GESTION DE CALIDA- SEGURIDAD-SALUD OCUPACIONAL Y AMBIENTE,Tecnológico,3,Propia,0,No
1681,Femenino,COORDINADOR,40,4,VP FINANCIERA,6214540,0.3052,INGENIERIA INDUSTRIAL,Maestría,4,Arrendada,2,No
1452,Femenino,ANALISTA,27,1,VP SEGURIDAD SOCIAL,4135501,0.09,INGENIERIA INDUSTRIAL,Universitario,Sin información,Sin información,Sin información,Sin información
1950,Femenino,DIRECTOR,46,19,VP SEGUROS COLOMBIA,13549700,0.4663,Sin información,Maestría,Sin información,Sin información,Sin información,Sin información
1366,Femenino,AUXILIAR,53,30,VP SEGUROS COLOMBIA,3098036,0.2673,ADMINISTRACION DE EMPRESAS,Universitario,6,Propia,0,No
65,Masculino,AUXILIAR,27,2,VP SEGURIDAD SOCIAL,2539555,0.0821,INGENIERIA ADMINISTRATIVA,Universitario,5,Propia,0,Si
1309,Femenino,ANALISTA,55,15,VP SEGURIDAD SOCIAL,4467464,0.3925,CONTADURIA PUBLICA,Universitario,5,Propia,2,No
4275,Femenino,ANALISTA,29,5,VP FINANCIERA,4467464,0.4893,CONTABILIDAD PUBLICA,Universitario,2,Familiar,0,No
1107,Femenino,AUXILIAR,39,9,VP SEGURIDAD SOCIAL,3053092,0.1188,SISTEMAS,Técnico,2,Familiar,2,No
104,Femenino,ANALISTA,37,3,VP SEGURIDAD SOCIAL,4135501,0.1241,INGENIERIA ELECTRICA,Universitario,4,Propia,1,Si
3124,Femenino,ANALISTA,26,1,VP SEGUROS COLOMBIA,4327603,0.2609,DERECHO,Universitario,Sin información,Sin información,Sin información,Sin información
1460,Masculino,COORDINADOR,35,4,VP FINANCIERA,6214540,0.3688,ADMINISTRACION DE NEGOCIOS,Maestría,6,Propia,2,Si
1471,Femenino,ANALISTA,50,27,VP SEGUROS COLOMBIA,4327603,0.2574,ADMINISTRACION DE EMPRESAS,Universitario,4,Familiar,1,No
336,Masculino,AUXILIAR,32,4,VP FINANCIERA,2030501,0.4447,INGENIERIA DE SISTEMAS,Tecnológico,3,Propia,3,No
1090,Femenino,ANALISTA,44,20,VP SEGURIDAD SOCIAL,4467464,0.3177,INGENIERIA INDUSTRIAL,Universitario,Sin información,Sin información,Sin información,Sin información
1730,Femenino,PRACTICANTE,22,0,VP SEGUROS COLOMBIA,1700000,0.08,INGENIERA CIVIL,Universitario,Sin información,Sin información,Sin información,Sin información
5232,Femenino,ANALISTA,26,3,VP FINANCIERA,4744052,0.4465,INGENIERIA ADMINISTRATIVA,Universitario,Sin información,Sin información,Sin información,Sin información
1861,Femenino,COORDINADOR,32,5,,6214540,0.1874,INGENIERA CIVIL,Universitario,4,Arrendada,0,Si
326,Masculino,DIRECTOR,36,9,VP SEGURIDAD SOCIAL,12538990,0.3137,INGENIERIA CIVIL,Especialización,3,Arrendada,1,No
66,Masculino,ANALISTA,25,1,VP SEGURIDAD SOCIAL,4467464,0.09,ADMINISTRACION EN NEGOCIOS INTERNACIONALES,Universitario,Sin información,Sin información,Sin información,Sin información
1586,Femenino,APRENDIZ,33,0,VP SEGURIDAD SOCIAL,1700000,NA,GESTION LOGISTICA,Tecnológico,Sin información,Sin información,Sin información,Sin información
852,Masculino,ANALISTA,32,4,VP FINANCIERA,4467464,0.3902,INGENIERIA DE SISTEMAS E INFORMATICA,Especialización,4,Familiar,1,Si
1079,Femenino,ANALISTA,51,26,VP SEGUROS COLOMBIA,4504793,0.3588,INGENIERIA INDUSTRIAL,Universitario,3,Propia,2,No
64,Femenino,ANALISTA,26,1,VP FINANCIERA,4744052,0.09,INGENIERIA FINANCIERA,Especialización,Sin información,Sin información,Sin información,Sin información
1636,Femenino,COORDINADOR,48,23,VP FINANCIERA,6377860,0.4257,CONTADURIA PUBLICA,Universitario,4,Propia,0,Si
1298,Femenino,AUXILIAR,25,1,VP FINANCIERA,2030501,0.3533,CONTADURIA PUBLICA,Universitario,4,Arrendada,0,Si
3966,Femenino,DIRECTOR,39,19,,12910182,0.2738,ADMINISTRACION DE EMPRESAS,Especialización,5,Propia,1,Si
5579,Femenino,AUXILIAR,39,12,VP FINANCIERA,3053092,0.3735,PSICOLOGIA,Universitario,Sin información,Sin información,Sin información,Sin información
1629,Masculino,DIRECTOR,33,1,VP FINANCIERA,12910182,0.2826,CONTADURIA PUBLICA,Especialización,Sin información,Sin información,Sin información,Sin información
1382,Femenino,ANALISTA,38,15,VP FINANCIERA,4467464,0.3274,CONTADURIA PUBLICA,Especialización,4,Propia,1,Si
1841,Masculino,ANALISTA,44,15,VP SEGURIDAD SOCIAL,4467464,0.5101,ADMINISTRACION DE EMPRESAS,Universitario,3,Propia,1,No
4221,Femenino,GERENTE,50,28,VP SEGUROS COLOMBIA,22881420,0.4454,Sin información,Maestría,6,Arrendada,2,Si
1475,Femenino,ANALISTA,25,1,VP FINANCIERA,4467464,0.2097,INGENIERIA FINANCIERA,Especialización,4,Arrendada,0,No
3046,Femenino,AUXILIAR,40,13,VP FINANCIERA,3053092,0.2742,ADMINISTRACION FINANCIERA,Universitario,4,Propia,1,Si
1890,Femenino,AUXILIAR,54,18,VP FINANCIERA,3155692,0.2793,AUXILIAR DE SISTEMAS,Técnico,4,Propia,0,No
2916,Femenino,ANALISTA,26,7,VP SEGUROS COLOMBIA,4327603,0.6547,INGENIERIA MECANICA,Especialización,4,Propia,0,Si
332,Masculino,ANALISTA,55,18,VP SEGUROS COLOMBIA,4327603,0.2421,CONTADURIA PUBLICA,Universitario,Sin información,Sin información,Sin información,Sin información
40,Masculino,ANALISTA,33,7,VP SEGUROS COLOMBIA,4327603,0.4594,TECNOLOGIA,Universitario,3,Familiar,0,Si
626,Femenino,AUXILIAR,21,0,VP FINANCIERA,2030501,0.08,DISEÑO Y GESTION DE LA IMAGEN,Secundaria,3,Familiar,0,No
752,Femenino,AUXILIAR,24,1,VP FINANCIERA,2030501,0.2084,ANALISIS DE COSTOS Y PRESUPUESTOS,Tecnológico,2,Familiar,0,No
1161,Femenino,ANALISTA,31,7,VP SEGUROS COLOMBIA,4327603,0.29,INGENIERIA CIVIL,Maestría,5,Familiar,0,No
1736,Femenino,COORDINADOR,46,8,VP SEGUROS COLOMBIA,6560512,0.2893,INGENIERIA ELECTRICA,Especialización,Sin información,Sin información,Sin información,Sin información
4462,Femenino,ANALISTA,53,24,VP SEGUROS COLOMBIA,4327603,0.4062,ADMINISTRACION DE EMPRESAS,Universitario,3,Propia,2,Si
1216,Masculino,COORDINADOR,59,38,VP SEGUROS COLOMBIA,6985492,0.5979,BACHILLER,Secundaria,5,Propia,2,No
1463,Femenino,ANALISTA,36,12,VP FINANCIERA,4467464,0.5452,CONTADURIA PUBLICA,Universitario,5,Propia,0,Si
646,Masculino,ANALISTA,28,0,VP FINANCIERA,4744052,0.09,ECONOMIA,Maestría,Sin información,Sin información,Sin información,Sin información
451,Masculino,AUXILIAR,54,29,VP FINANCIERA,3155692,0.6342,ADMINISTRACION DE EMPRESAS E INNOVACION,Tecnológico,3,Familiar,1,Si
1113,Masculino,AUXILIAR,20,0,VP FINANCIERA,2059969,0.08,ADMINISTRACION DE ENTIDADES DE SALUD,Tecnológico,Sin información,Sin información,Sin información,Sin información
846,Femenino,ANALISTA,34,12,VP FINANCIERA,4744052,0.4453,CONTADURIA PUBLICA,Especialización,3,Familiar,0,Si
1311,Femenino,ANALISTA,47,20,VP SEGURIDAD SOCIAL,4467464,0.2446,ADMINISTRACION DE EMPRESAS,Especialización,4,Propia,1,Si
739,Masculino,ANALISTA,33,8,VP SEGUROS COLOMBIA,4327603,0.411,INGENIERIA CIVIL,Especialización,4,Arrendada,0,Si
246,Femenino,ANALISTA,44,23,VP SEGUROS COLOMBIA,4504793,0.403,ADMINISTRACION DE EMPRESAS,Universitario,3,Propia,2,Si
839,Femenino,ANALISTA,43,7,VP SEGUROS COLOMBIA,4327603,0.1953,INGENIERIA AGRONOMICA,Maestría,4,Arrendada,0,Si
735,Masculino,APRENDIZ,24,1,VP SEGURIDAD SOCIAL,1700000,NA,NEGOCIACION INTERNACIONAL,Universitario,Sin información,Sin información,Sin información,Sin información
3490,Femenino,ANALISTA,32,7,VP SEGUROS COLOMBIA,4327603,0.5217,DERECHO,Especialización,5,Familiar,0,Si
3574,Femenino,COORDINADOR,33,12,VP FINANCIERA,6377860,0.3997,CONTADURIA PUBLICA,Especialización,4,Propia,1,Si
1905,Femenino,AUXILIAR,34,7,VP FINANCIERA,2030501,0.3296,FINANZAS Y NEGOCIOS INTERNACIONALES,Tecnológico,3,Propia,1,No
75,Masculino,COORDINADOR,27,3,VP FINANCIERA,6377860,0.1253,INGENIERIA FINANCIERA,Especialización,3,Arrendada,0,No
1979,Femenino,COORDINADOR,43,11,VP FINANCIERA,6377860,0.2767,INGENIERIA MECANICA,Especialización,6,Familiar,0,Si
111,Femenino,AUXILIAR,31,5,VP FINANCIERA,3155692,0.3363,ADMINISTRACION Y FINANZAS,Tecnológico,3,Arrendada,0,No
997,Femenino,DIRECTOR,41,11,VP FINANCIERA,12538990,0.5059,INGENIERIA ADMINISTRATIVA,Maestría,Sin información,Sin información,Sin información,Sin información
99,Masculino,AUXILIAR,50,25,VP FINANCIERA,3155692,0.5075,ADMINISTRACION Y FINANZAS,Tecnológico,4,Propia,1,No
1910,Masculino,ANALISTA,53,22,VP FINANCIERA,4467464,0.2788,CONTADURIA PUBLICA,Universitario,4,Propia,3,Si
4011,Femenino,AUXILIAR,26,3,VP SEGUROS COLOMBIA,3098036,0.3339,ADMINISTRACION DE EMPRESAS,Universitario,2,Arrendada,1,No
1469,Femenino,DIRECTOR,37,8,VP SEGUROS COLOMBIA,13549700,0.3675,Sin información,Especialización,6,Propia,0,Si
1567,Masculino,ANALISTA,25,1,VP FINANCIERA,4744052,0.1444,INGENIERIA ADMINISTRATIVA,Especialización,Sin información,Sin información,Sin información,Sin información
998,Masculino,AUXILIAR,45,9,VP SEGURIDAD SOCIAL,3053092,0.3852,SISTEMAS,Técnico,1,Propia,1,No
1187,Femenino,ANALISTA,35,10,VP SEGUROS COLOMBIA,4327603,0.2283,INGENIERIA ELECTRONICA,Universitario,3,Familiar,0,No
1059,Femenino,AUXILIAR,27,4,VP FINANCIERA,2562657,0.2565,GESTION EMPRESARIAL,Técnico,3,Arrendada,0,No
1271,Masculino,COORDINADOR,34,14,VP FINANCIERA,6377860,0.3901,INGENIERIA FINANCIERA,Universitario,4,Familiar,1,Si
1982,Femenino,AUXILIAR,37,1,VP SEGURIDAD SOCIAL,2562657,0.3096,ADMINISTRACION,Secundaria,3,Arrendada,2,No
1526,Masculino,AUXILIAR,24,4,VP FINANCIERA,2030501,0.1111,COMERCIO EXTERIOR,Técnico,3,Arrendada,0,No
1350,Femenino,ANALISTA,24,1,VP FINANCIERA,3804480,0.247,INGENIERIA FINANCIERA,Universitario,Sin información,Sin información,Sin información,Sin información
487,Femenino,ANALISTA,35,13,VP FINANCIERA,3176066,0.3384,GESTION COMERCIAL EN SEGUROS,Técnico,2,Otro,1,Si
1436,Femenino,COORDINADOR,35,7,VP FINANCIERA,5145671,0.2982,ADMINISTRACION DE EMPRESAS,Especialización,Sin información,Sin información,Sin información,Sin información
1119,Femenino,COORDINADOR,39,13,VP SEGUROS COLOMBIA,6985492,0.3204,Sin información,Especialización,5,Propia,0,Si
1975,Femenino,AUXILIAR,50,9,VP SEGURIDAD SOCIAL,3053092,0.3178,Otro,Tecnológico,3,Familiar,0,Si
1504,Femenino,ANALISTA,31,8,VP SEGUROS COLOMBIA,4504793,0.4067,INGENIERIA CIVIL,Universitario,4,Propia,0,Si
1428,Femenino,AUXILIAR,51,13,VP SEGURIDAD SOCIAL,3155692,0.2283,BACHILLER,Secundaria,2,Propia,2,No
5165,Femenino,AUXILIAR,53,29,VP FINANCIERA,3053092,0.518,ANALISIS Y PROGRAMACION,Tecnológico,4,Propia,1,No
1574,Femenino,AUXILIAR,46,13,VP FINANCIERA,3155692,0.4996,ADMINISTRACION DE NEGOCIOS INTERNACIONALES,Universitario,4,Propia,1,Si
267,Femenino,AUXILIAR,25,2,VP SEGURIDAD SOCIAL,3053092,0.1948,ADMINISTRACION,Tecnológico,3,Arrendada,0,No
1948,Femenino,ANALISTA,26,0,VP FINANCIERA,4467464,0.09,PSICOLOGIA CLINICA Y DE LA SALUD,Universitario,Sin información,Sin información,Sin información,Sin información
4648,Femenino,AUXILIAR,39,9,VP SEGURIDAD SOCIAL,3053092,0.3306,LOGISTICA Y DISTRIBUCION,Técnico,2,Arrendada,2,No
499,Masculino,ANALISTA,31,2,VP SEGURIDAD SOCIAL,4135501,0.3846,INGENIERIA MECATRONICA - CICLO PROFESIONAL UNIVERSITARIO,Especialización,3,Familiar,0,No
4884,Femenino,ANALISTA,33,9,VP SEGURIDAD SOCIAL,4467464,0.0976,INGENIERIA INDUSTRIAL,Especialización,4,Arrendada,0,No
686,Femenino,ANALISTA,26,4,VP FINANCIERA,4744052,0.1479,Sin información,Especialización,2,Familiar,0,No
5869,Femenino,AUXILIAR,26,4,,3053092,0.2007,INGENIERIA ADMINISTRATIVA,Universitario,2,Familiar,0,No
1823,Femenino,ANALISTA,33,10,VP SEGURIDAD SOCIAL,4744052,0.343,INGENIERIA DE PRODUCTIVIDAD Y CALIDAD,Especialización,3,Propia,0,Si
1559,Masculino,ANALISTA,30,2,VP SEGURIDAD SOCIAL,4467464,0.1378,INGENIERIA MECANICA,Especialización,3,Familiar,1,Si
1110,Femenino,AUXILIAR,20,0,VP FINANCIERA,2030501,0.08,ADMINISTRACION,Técnico,Sin información,Sin información,Sin información,Sin información
308,Masculino,ANALISTA,41,4,VP SEGURIDAD SOCIAL,4467464,0.293,COMUNICACION CORPORATIVA,Universitario,5,Arrendada,0,Si
712,Femenino,ANALISTA,33,11,VP FINANCIERA,3176066,0.4019,ADMINISTRACION DE EMPRESAS,Tecnológico,3,Arrendada,1,No
518,Masculino,ANALISTA,28,6,VP SEGUROS COLOMBIA,4327603,0.3861,INGENIERIA FINANCIERA,Universitario,5,Arrendada,0,No
51,Femenino,AUXILIAR,29,1,VP SEGURIDAD SOCIAL,2785075,0.1784,ARQUITECTURA,Universitario,Sin información,Sin información,Sin información,Sin información
136,Femenino,ANALISTA,37,4,VP FINANCIERA,4467464,0.2841,ADMINISTRACION DE EMPRESAS AGROPECUARIAS,Especialización,5,Propia,0,No
1996,Masculino,AUXILIAR,47,24,,3053092,0.1363,ADMINISTRACION,Tecnológico,3,Propia,2,No
1265,Femenino,ANALISTA,38,20,VP SEGUROS COLOMBIA,4504793,0.5074,INGENIERIA CIVIL,Universitario,3,Propia,2,No
493,Masculino,ANALISTA,33,4,VP SEGUROS COLOMBIA,4327603,0.2161,Sin información,Especialización,3,Arrendada,0,Si
3602,Femenino,ANALISTA,28,2,VP FINANCIERA,4467464,0.1718,INGENIERIA DE SISTEMAS E INFORMATICA,Universitario,4,Familiar,0,Si
1922,Femenino,DIRECTOR,47,24,VP SEGUROS COLOMBIA,13549700,0.3987,Sin información,Maestría,4,Familiar,2,No
1102,Femenino,COORDINADOR,40,12,VP FINANCIERA,6377860,0.3501,INGENIERIA FINANCIERA,Universitario,3,Propia,1,No
953,Masculino,DIRECTOR,38,11,VP FINANCIERA,12910182,0.2933,CONTADURIA PUBLICA,Especialización,3,Propia,2,Si
374,Femenino,AUXILIAR,54,17,VP FINANCIERA,2030501,0.3876,ADMINISTRACION CONTABLE- TRIBUTARIA Y FINANCIERA,Tecnológico,2,Propia,3,No
2767,Femenino,DIRECTOR,38,11,VP SEGUROS COLOMBIA,13447710,0.5442,INGENIERIA MECANICA,Especialización,4,Propia,1,Si
1378,Femenino,DIRECTOR,50,25,VP SEGURIDAD SOCIAL,12910182,0.6968,ADMINISTRACION DE EMPRESAS,Especialización,4,Arrendada,0,Si
1202,Masculino,AUXILIAR,33,5,VP SEGURIDAD SOCIAL,2539555,0.1988,ADMINISTRACION EN SALUD CON ENFASIS EN GESTION DE SERVICIOS DE,Universitario,5,Propia,0,No
5509,Femenino,ANALISTA,55,23,VP SEGUROS COLOMBIA,4504793,0.3233,BACHILLER,Secundaria,3,Propia,0,No
1172,Femenino,ANALISTA,24,0,VP FINANCIERA,3176066,0.09,INGENIERIA DE PRODUCCION,Especialización,Sin información,Sin información,Sin información,Sin información
923,Femenino,ANALISTA,27,3,VP FINANCIERA,4467464,0.3476,CONTADURIA,Universitario,4,Arrendada,0,No
1712,Femenino,ANALISTA,25,2,VP SEGURIDAD SOCIAL,4744052,0.2242,INGENIERIA BIOMEDICA,Universitario,5,Familiar,0,Si
1640,Femenino,ANALISTA,27,3,VP SEGUROS COLOMBIA,4327603,0.249,Sin información,sin información,Sin información,Sin información,Sin información,Sin información
1287,Masculino,AUXILIAR,47,1,,1000,0.08,Sin información,sin información,Sin información,Sin información,Sin información,Sin información
1713,Masculino,ANALISTA,26,4,VP FINANCIERA,4135501,0.09,INGENIERIA FINANCIERA,Universitario,Sin información,Sin información,Sin información,Sin información
590,Femenino,AUXILIAR,38,7,VP SEGUROS COLOMBIA,3098036,0.4406,ADMINISTRACION DE EMPRESAS,Universitario,3,Propia,1,Si
1579,Masculino,ANALISTA,24,1,VP SEGURIDAD SOCIAL,4317678,0.1379,INGENIERA CIVIL,Especialización,5,Propia,0,Si
2859,Femenino,ANALISTA,54,29,VP SEGUROS COLOMBIA,4327603,0.2327,INFORMATICA PARA CONTADORES,Universitario,4,Propia,1,No
429,Femenino,ANALISTA,52,31,VP SEGUROS COLOMBIA,4327603,0.5334,ADMINISTRACION DE EMPRESAS,Universitario,5,Propia,1,Si
1064,Masculino,ANALISTA,30,7,VP FINANCIERA,3176066,0.1132,DISEÑO INDUSTRIAL,Universitario,Sin información,Sin información,Sin información,Sin información
1372,Femenino,DIRECTOR,41,17,VP SEGUROS COLOMBIA,13549700,0.4409,INGENIERIA DE SISTEMAS,Maestría,3,Propia,0,Si
117,Femenino,AUXILIAR,34,5,VP SEGURIDAD SOCIAL,3053092,0.204,ADMINISTRACION DE EMPRESAS,Universitario,2,Propia,0,No
1519,Femenino,ANALISTA,41,12,VP SEGUROS COLOMBIA,4327603,0.4034,Sin información,Especialización,4,Propia,3,Si
203,Masculino,ANALISTA,27,4,VP SEGURIDAD SOCIAL,4079122,0.345,INGENIERIA INDUSTRIAL,Universitario,5,Familiar,0,No
840,Masculino,ANALISTA,54,16,VP SEGURIDAD SOCIAL,4467464,0.5668,ADMINISTRACION DE EMPRESAS,Universitario,Sin información,Sin información,Sin información,Sin información
535,Masculino,ANALISTA,21,1,VP FINANCIERA,3176066,0.09,AUXILIAR CONTABLE,Universitario,Sin información,Sin información,Sin información,Sin información
3011,Femenino,ANALISTA,35,10,VP FINANCIERA,3176066,0.4066,ADMINISTRACION Y FINANZAS,Universitario,4,Propia,0,Si
224,Femenino,DIRECTOR,33,9,VP SEGUROS COLOMBIA,13549700,0.5025,DERECHO,Especialización,6,Propia,0,Si
236,Masculino,ANALISTA,30,0,VP SEGUROS COLOMBIA,4327603,0.09,ADMINISTRACION DE EMPRESAS,Especialización,Sin información,Sin información,Sin información,Sin información
1752,Femenino,ANALISTA,28,3,VP SEGUROS COLOMBIA,4327603,0.215,INGENIERIA ADMINISTRATIVA,Maestría,6,Propia,0,No
810,Femenino,ANALISTA,27,3,VP SEGURIDAD SOCIAL,4467464,0.1498,INGENIERIA ADMINISTRATIVA,Especialización,5,Familiar,0,No
801,Femenino,AUXILIAR,22,1,VP FINANCIERA,2030501,0.08,ANALISIS DE COSTOS Y PRESUPUESTO,Universitario,Sin información,Sin información,Sin información,Sin información
782,Femenino,ANALISTA,33,4,VP SEGUROS COLOMBIA,4327603,0.2779,Sin información,Maestría,Sin información,Sin información,Sin información,Sin información
495,Femenino,AUXILIAR,56,30,VP SEGURIDAD SOCIAL,3155692,0.2065,MECANICA AUTOMOTRIZ,Tecnológico,3,Familiar,0,No
1529,Femenino,ANALISTA,33,1,VP SEGUROS COLOMBIA,4504793,0.0972,INGENIERIA ELECTRICA,Especialización,5,Familiar,0,No
1357,Femenino,GERENTE,31,9,VP FINANCIERA,26211135,0.1799,INGENIERIA ADMINISTRATIVA,Maestría,Sin información,Sin información,Sin información,Sin información
785,Masculino,ANALISTA,27,1,VP FINANCIERA,4467464,0.09,Sin información,Maestría,Sin información,Sin información,Sin información,Sin información
2476,Femenino,DIRECTOR,34,10,VP SEGUROS COLOMBIA,13549700,0.1529,FINANZAS Y RELACIONES INTERNACIONALES,Especialización,4,Propia,0,Si
36,Masculino,ANALISTA,26,4,VP SEGUROS COLOMBIA,4327603,0.248,INGENIERIA MATEMATICA,Universitario,4,Familiar,0,Si
378,Masculino,ANALISTA,37,10,VP SEGUROS COLOMBIA,4327603,0.4353,INGENIERIA INDUSTRIAL,Maestría,4,Propia,0,Si
516,Femenino,AUXILIAR,53,29,VP SEGUROS COLOMBIA,3098036,0.3361,ADMINISTRACION DE REDES,Tecnológico,3,Familiar,0,Si
1056,Masculino,ANALISTA,26,5,VP FINANCIERA,3176066,0.4261,ADMINISTRACION DE EMPRESAS,Especialización,3,Familiar,0,Si
1583,Femenino,ANALISTA,35,11,VP SEGUROS COLOMBIA,4327603,0.413,SISTEMAS,Especialización,4,Familiar,0,Si
1497,Femenino,AUXILIAR,34,4,VP FINANCIERA,2539555,0.2404,CONTADURIA PUBLICA,Universitario,3,Arrendada,1,No
742,Masculino,AUXILIAR,29,1,VP FINANCIERA,3053092,0.08,INGENIERIA ADMINISTRATIVA,Universitario,Sin información,Sin información,Sin información,Sin información
1306,Femenino,ANALISTA,26,1,VP SEGURIDAD SOCIAL,4467464,0.1973,INGENIERIA BIOMEDICA,Universitario,Sin información,Sin información,Sin información,Sin información
1025,Femenino,ANALISTA,52,28,VP FINANCIERA,4467464,0.4909,ADMINISTRACION DE EMPRESAS,Universitario,Sin información,Sin información,Sin información,Sin información
233,Femenino,AUXILIAR,28,3,VP SEGURIDAD SOCIAL,2539555,0.3559,MANTENIMIENTO DE MOTORES,Técnico,2,Arrendada,1,Si
1085,Masculino,AUXILIAR,47,12,VP FINANCIERA,2030501,0.2658,SECRETARIADO EJECUTIVO BILINGUE,Técnico,2,Propia,4,No
5678,Femenino,AUXILIAR,38,8,VP SEGURIDAD SOCIAL,3155692,0.6491,Sin información,sin información,Sin información,Sin información,Sin información,Sin información
21,Femenino,ANALISTA,28,0,VP SEGUROS COLOMBIA,4327603,0.09,INGENIERIA INDUSTRIAL,Especialización,Sin información,Sin información,Sin información,Sin información
813,Femenino,PRACTICANTE,23,1,VP FINANCIERA,1700000,0.08,CONTADURIA PUBLICA,Universitario,Sin información,Sin información,Sin información,Sin información
1379,Femenino,GERENTE,52,32,VP FINANCIERA,26211135,0.4427,Sin información,Especialización,6,Propia,1,Si
1274,Femenino,ANALISTA,37,16,VP FINANCIERA,3176066,0.2167,DERECHO,Universitario,Sin información,Sin información,Sin información,Sin información
703,Masculino,AUXILIAR,21,1,VP FINANCIERA,2030501,0.08,Otro,Secundaria,3,Arrendada,1,No
4485,Femenino,AUXILIAR,50,13,,3053092,0.4159,Sin información,sin información,Sin información,Sin información,Sin información,Sin información
4705,Femenino,ANALISTA,34,2,VP FINANCIERA,3176066,0.192,INGENIERIA FINANCIERA,Universitario,4,Familiar,1,Si
1278,Femenino,ANALISTA,32,0,VP FINANCIERA,3176066,0.09,INGENIERIA FINANCIERA,Maestría,Sin información,Sin información,Sin información,Sin información
548,Masculino,ANALISTA,30,2,VP FINANCIERA,4744052,0.179,INGENIERIA DE PRODUCCION,Maestría,5,Familiar,0,Si
184,Femenino,COORDINADOR,32,4,VP FINANCIERA,6214540,0.2096,INGENIERIA DE PRODUCTIVIDAD Y CALIDAD,Universitario,2,Familiar,0,Si
1723,Femenino,ANALISTA,29,4,VP FINANCIERA,3176066,0.5929,FINANZAS Y NEGOCIOS INTERNACIONALES,Universitario,4,Familiar,2,No
453,Femenino,ANALISTA,29,4,VP SEGUROS COLOMBIA,4327603,0.2206,INGENIERIA INDUSTRIAL,Universitario,4,Arrendada,0,No
107,Masculino,ANALISTA,33,4,VP SEGURIDAD SOCIAL,4467464,0.0922,INGENIERIA BIOMEDICA,Universitario,5,Propia,0,Si
589,Femenino,ANALISTA,54,32,VP SEGUROS COLOMBIA,4504793,0.3692,ADMINISTRACION DE EMPRESAS,Universitario,4,Familiar,3,Si
4229,Femenino,DIRECTOR,46,18,VP FINANCIERA,12910182,0.419,CONTADURIA PUBLICA,Universitario,Sin información,Sin información,Sin información,Sin información
312,Femenino,GERENTE,44,16,VP FINANCIERA,26211135,0.4569,ADMINISTRACION DE NEGOCIOS,Especialización,6,Arrendada,2,Si
240,Masculino,AUXILIAR,47,21,VP FINANCIERA,3053092,0.2301,ADMINISTRACION DE EMPRESAS CON ENFASIS EN FINANZAS,Universitario,2,Arrendada,1,No
1917,Masculino,ANALISTA,26,3,VP FINANCIERA,3176066,0.2493,DISEÑO INDUSTRIAL,Universitario,5,Arrendada,0,Si
1535,Masculino,ANALISTA,31,5,VP SEGUROS COLOMBIA,4327603,0.2696,INGENIERIA INDUSTRIAL,Universitario,4,Arrendada,0,No
43,Femenino,ANALISTA,50,18,VP SEGURIDAD SOCIAL,4467464,0.1859,Otro,Técnico,3,Arrendada,3,No
1860,Masculino,ANALISTA,51,17,VP SEGURIDAD SOCIAL,4467464,0.2835,ARQUITECTURA,Universitario,6,Propia,1,Si
933,Masculino,AUXILIAR,38,10,,1000,0.1295,TECNOLOGIA DE SISTEMAS,Tecnológico,4,Arrendada,0,Si
4778,Femenino,AUXILIAR,51,11,,1000,0.3871,Sin información,sin información,Sin información,Sin información,Sin información,Sin información
1985,Femenino,GERENTE,51,12,VP FINANCIERA,30257103,0.389,ADMINISTRACION COMERCIAL Y DE MERCADEO,Universitario,4,Propia,2,Si
4252,Femenino,DIRECTOR,31,1,VP SEGUROS COLOMBIA,13549700,0.3762,FILOSOFIA,Maestría,Sin información,Sin información,Sin información,Sin información
4307,Femenino,COORDINADOR,31,8,VP FINANCIERA,6214540,0.3029,Sin información,Especialización,5,Arrendada,0,Si
376,Masculino,ANALISTA,29,1,VP SEGUROS COLOMBIA,4327603,0.169,INGENIERIA ADMINISTRATIVA,Especialización,Sin información,Sin información,Sin información,Sin información
1993,Femenino,ANALISTA,33,2,VP FINANCIERA,4744052,0.2218,CONTADURIA PUBLICA,Maestría,3,Familiar,0,Si
824,Femenino,AUXILIAR,58,17,VP SEGUROS COLOMBIA,3098036,0.138,Otro,Tecnológico,3,Propia,2,No
1944,Femenino,COORDINADOR,29,5,VP FINANCIERA,6214540,0.5603,INGENIERIA DE SISTEMAS E INFORMATICA,Universitario,4,Arrendada,0,Si
1742,Femenino,ANALISTA,63,5,VP SEGUROS COLOMBIA,4327603,0.2924,INGENIERIA AGRONOMICA,Universitario,4,Propia,2,Si
709,Femenino,DIRECTOR,51,22,VP SEGUROS COLOMBIA,13549700,0.1874,Sin información,Especialización,3,Familiar,2,Si
731,Femenino,ANALISTA,60,22,VP SEGUROS COLOMBIA,4504793,0.1644,TECNOLOGIA,Tecnológico,3,Familiar,1,No
3221,Femenino,AUXILIAR,32,8,VP FINANCIERA,2030501,0.0912,ADMINISTRACION DE FINANZAS Y NEGOCIOS INTERNACIONALES,Especialización,Sin información,Sin información,Sin información,Sin información
1321,Masculino,DIRECTOR,29,7,VP FINANCIERA,12910182,0.1906,INGENIERIA FINANCIERA,Especialización,5,Familiar,0,Si
1212,Masculino,AUXILIAR,29,4,VP FINANCIERA,3053092,0.2487,CONTADURIA PUBLICA,Universitario,3,Familiar,0,Si
1889,Femenino,ANALISTA,50,22,VP SEGURIDAD SOCIAL,4744052,0.4171,ADMINISTRACION FINANCIERA,Universitario,3,Propia,1,Si
468,Femenino,ANALISTA,49,11,VP FINANCIERA,3176066,0.6568,BACHILLER,Secundaria,3,Propia,3,Si
4463,Femenino,COORDINADOR,33,4,VP SEGUROS COLOMBIA,6560512,0.213,Sin información,Especialización,5,Propia,1,Si
1092,Masculino,ANALISTA,39,7,VP SEGUROS COLOMBIA,4327603,0.235,INGENIERIA MECANICA,Maestría,5,Familiar,0,Si
1473,Femenino,ANALISTA,26,3,VP FINANCIERA,4079122,0.1437,INGENIERIA DE SISTEMAS E INFORMATICA,Universitario,4,Familiar,0,No
1040,Masculino,ANALISTA,46,7,VP SEGUROS COLOMBIA,4327603,0.1284,AUTOMATIZACION DE PROCESOS INDUSTRIALES,Especialización,3,Propia,0,Si
1314,Femenino,ANALISTA,53,31,VP FINANCIERA,4467464,0.479,CONTADURIA PUBLICA,Especialización,5,Propia,1,Si
796,Femenino,AUXILIAR,44,5,VP SEGUROS COLOMBIA,3028779,0.3775,ADMINISTRACION DE EMPRESAS,Tecnológico,1,Propia,2,No
1120,Femenino,ANALISTA,37,7,VP SEGUROS COLOMBIA,4327603,0.4519,INGENIERIA DE PROCESOS,Especialización,6,Familiar,0,Si
1599,Femenino,ANALISTA,44,10,VP SEGUROS COLOMBIA,4327603,0.2256,Otro,Tecnológico,3,Propia,2,No
5832,Femenino,APRENDIZ,29,0,VP FINANCIERA,1700000,NA,AUXILIAR CONTABLE,Técnico,Sin información,Sin información,Sin información,Sin información
5987,Femenino,DIRECTOR,37,8,VP SEGUROS COLOMBIA,13447710,0.3569,INGENIERA CIVIL,Especialización,5,Propia,1,Si
330,Femenino,AUXILIAR,21,1,VP FINANCIERA,2539555,0.0921,TECNOLOGIA FINANCIERA Y CONTABLE,Tecnológico,Sin información,Sin información,Sin información,Sin información
1070,Femenino,DIRECTOR,52,32,VP FINANCIERA,12910182,0.2641,CONTADURIA,Universitario,4,Propia,2,Si
57,Femenino,DIRECTOR,35,5,VP FINANCIERA,12910182,0.3666,ECONOMIA,Maestría,5,Arrendada,0,Si
17,Femenino,AUXILIAR,36,11,VP FINANCIERA,2030501,0.1064,BACHILLER,Secundaria,3,Arrendada,3,No
4751,Femenino,COORDINADOR,33,7,VP FINANCIERA,6377860,0.2075,INGENIERIA INDUSTRIAL,Especialización,5,Propia,1,Si
972,Masculino,ANALISTA,36,11,VP SEGURIDAD SOCIAL,4467464,0.5539,ADMINISTRACION DE NEGOCIOS INTERNACIONALES,Especialización,5,Propia,1,Si
1877,Femenino,ANALISTA,37,0,VP FINANCIERA,4467464,0.09,INGENIERIA INDUSTRIAL,Universitario,Sin información,Sin información,Sin información,Sin información
1375,Femenino,AUXILIAR,24,1,VP FINANCIERA,2539555,0.08,CONTADURIA,Universitario,Sin información,Sin información,Sin información,Sin información
291,Femenino,DIRECTOR,32,5,VP FINANCIERA,12230823,0.2929,INGENIERIA ADMINISTRATIVA,Maestría,3,Arrendada,0,Si
1510,Femenino,ANALISTA,33,6,VP SEGUROS COLOMBIA,4327603,0.2778,Otro,Universitario,3,Arrendada,0,No
1411,Femenino,ANALISTA,33,7,VP SEGUROS COLOMBIA,4327603,0.2784,INGENIERIA MECATRONICA,Especialización,4,Familiar,0,Si
339,Masculino,AUXILIAR,36,11,VP FINANCIERA,3155692,0.292,ADMINISTRACION DE EMPRESAS,Universitario,2,Propia,2,Si
1205,Femenino,ANALISTA,52,26,VP FINANCIERA,4467464,0.4272,CONTADURIA PUBLICA,Especialización,4,Propia,1,Si
4434,Femenino,ANALISTA,35,1,VP FINANCIERA,4744052,0.171,PRODUCCION,Universitario,Sin información,Sin información,Sin información,Sin información
803,Femenino,ANALISTA,35,11,VP FINANCIERA,3176066,0.24,ADMINISTRACION DE MERCADEO- PUBLICIDAD Y VENTAS,Tecnológico,2,Familiar,1,Si
1789,Femenino,ANALISTA,36,1,VP FINANCIERA,3176066,0.1689,ADMINISTRACION DE EMPRESAS DE SALUD,Tecnológico,Sin información,Sin información,Sin información,Sin información
2165,Femenino,ANALISTA,39,13,VP FINANCIERA,3176066,0.462,PSICOLOGIA,Universitario,3,Propia,2,Si
688,Femenino,AUXILIAR,29,4,VP FINANCIERA,2030501,0.1393,ADMINISTRACION DE EMPRESAS,Universitario,2,Arrendada,0,No
952,Masculino,AUXILIAR,45,15,VP FINANCIERA,2030501,0.0893,BACHILLER,Secundaria,4,Familiar,0,No
1184,Masculino,AUXILIAR,26,4,VP FINANCIERA,2030501,0.116,INGENIERIA FINANCIERA Y DE NEGOCIOS,Universitario,3,Familiar,0,No
448,Femenino,AUXILIAR,25,0,VP SEGURIDAD SOCIAL,2785075,0.08,ADMINISTRACION DE NEGOCIOS,Universitario,Sin información,Sin información,Sin información,Sin información
1726,Femenino,AUXILIAR,39,8,VP FINANCIERA,2030501,0.2507,TURISMO,Técnico,2,Familiar,4,No
1353,Femenino,ANALISTA,25,3,VP SEGURIDAD SOCIAL,4467464,0.1912,INGENIERIA ADMINISTRATIVA,Especialización,3,Familiar,0,No
199,Femenino,AUXILIAR,30,7,VP FINANCIERA,2030501,0.1539,SISTEMAS DE INFORMACION,Tecnológico,3,Familiar,0,No
242,Femenino,DIRECTOR,32,7,VP FINANCIERA,12910182,0.5343,INGENIERIA INDUSTRIAL,Maestría,5,Propia,0,Si
759,Femenino,ANALISTA,47,13,VP SEGUROS COLOMBIA,4504793,0.3963,DERECHO,Universitario,4,Propia,2,Si
159,Femenino,AUXILIAR,38,8,VP FINANCIERA,3155692,0.3818,BANCA E INSTITUCIONES FINANCIERAS,Tecnológico,4,Propia,2,Si
1405,Femenino,ANALISTA,33,5,VP SEGUROS COLOMBIA,4327603,0.2549,ZOOTECNIA,Universitario,3,Arrendada,2,No
3672,Femenino,ANALISTA,26,2,VP SEGURIDAD SOCIAL,4467464,0.4523,INGENIERIA INDUSTRIAL,Universitario,6,Familiar,0,Si
6,Femenino,AUXILIAR,45,10,VP FINANCIERA,3053092,0.4548,TECNICA PROFESIONAL,Técnico,4,Propia,1,No
3006,Femenino,DIRECTOR,39,15,VP FINANCIERA,12910182,0.7367,INGENIERIA ADMINISTRATIVA,Especialización,6,Propia,2,Si
767,Femenino,GERENTE,42,14,VP SEGUROS COLOMBIA,26240418,0.5028,Sin información,Maestría,5,Propia,0,Si
2200,Femenino,AUXILIAR,35,9,VP FINANCIERA,2030501,0.1979,ADMINISTRACION FINANCIERA,Universitario,3,Familiar,0,No
4051,Femenino,COORDINADOR,27,2,VP FINANCIERA,6377860,0.1587,ADMINISTRACION DE EMPRESAS,Especialización,6,Propia,0,No
633,Femenino,AUXILIAR,38,7,VP FINANCIERA,3155692,0.3774,SEGURIDAD E HIGIENE INDUSTRIAL,Tecnológico,3,Arrendada,0,No
3725,Masculino,ANALISTA,31,4,VP SEGURIDAD SOCIAL,4135501,0.093,INGENIERA CIVIL,Especialización,2,Familiar,0,No
4484,Femenino,DIRECTOR,42,13,VP SEGUROS COLOMBIA,7207749,0.2873,INGENIERIA MECANICA,Especialización,4,Propia,0,Si
1866,Masculino,DIRECTOR,42,10,VP SEGUROS COLOMBIA,13549700,0.234,Sin información,Maestría,6,Propia,0,Si
194,Femenino,DIRECTOR,34,8,VP FINANCIERA,12230823,0.4745,INGENIERIA ADMINISTRATIVA,Maestría,6,Propia,0,Si
1502,Femenino,ANALISTA,29,6,VP FINANCIERA,4079122,0.2083,ECONOMIA,Universitario,3,Arrendada,0,No
797,Femenino,AUXILIAR,59,13,,3053092,0.9067,Sin información,sin información,Sin información,Sin información,Sin información,Sin información
93,Femenino,ANALISTA,34,5,VP SEGURIDAD SOCIAL,4135501,0.4072,ARQUITECTURA,Universitario,4,Propia,0,Si
1572,Masculino,AUXILIAR,50,6,VP FINANCIERA,2030501,0.4467,ECONOMIA,Técnico,3,Familiar,2,No
1057,Femenino,ANALISTA,49,15,VP SEGURIDAD SOCIAL,4744052,0.4116,SALUD OCUPACIONAL,Universitario,2,Familiar,1,No
1829,Femenino,DIRECTOR,39,15,VP SEGUROS COLOMBIA,13447710,0.4807,INGENIERIA ADMINISTRATIVA,Especialización,5,Propia,0,Si
1498,Masculino,ANALISTA,30,0,VP FINANCIERA,3176066,0.09,ADMINISTRACION DE EMPRESAS,Especialización,Sin información,Sin información,Sin información,Sin información
67,Femenino,ANALISTA,28,2,VP FINANCIERA,3176066,0.08,Otro,Secundaria,4,Familiar,0,Si
12,Femenino,AUXILIAR,48,26,VP FINANCIERA,3053092,0.293,ADMINISTRACION DE EMPRESAS,Universitario,5,Propia,1,No
3900,Femenino,ANALISTA,38,8,VP FINANCIERA,3176066,0.1827,DERECHO Y CIENCIAS POLITICAS,Universitario,3,Propia,1,Si
1869,Femenino,COORDINADOR,32,11,VP FINANCIERA,5145671,0.4767,ADMINISTRACION DE EMPRESAS,Universitario,3,Propia,1,Si
1928,Femenino,AUXILIAR,27,4,,3053092,0.2611,ADMINISTRACION,Tecnológico,3,Familiar,1,Si
135,Femenino,AUXILIAR,49,1,VP SEGURIDAD SOCIAL,2785075,0.104,ADMINISTRACION DE EMPRESAS,Universitario,Sin información,Sin información,Sin información,Sin información
3695,Masculino,ANALISTA,48,17,VP SEGURIDAD SOCIAL,4467464,0.4841,ADMINISTRACION DE EMPRESAS,Universitario,3,Propia,1,Si
5432,Femenino,COORDINADOR,27,4,VP FINANCIERA,6214540,0.3673,INGENIERIA ADMINISTRATIVA,Especialización,3,Arrendada,0,No
529,Femenino,PRACTICANTE,22,1,VP SEGUROS COLOMBIA,1700000,0.08,ADMINISTRACION DE EMPRESAS,Universitario,Sin información,Sin información,Sin información,Sin información
2415,Femenino,COORDINADOR,25,3,VP FINANCIERA,6377860,0.2541,INGENIERIA ADMINISTRATIVA,Universitario,5,Familiar,0,No
168,Femenino,ANALISTA,48,20,VP FINANCIERA,4467464,0.1557,CONTADURIA PUBLICA,Universitario,3,Familiar,1,No
1609,Femenino,ANALISTA,48,10,VP FINANCIERA,3176066,0.2775,ECONOMIA,Tecnológico,4,Familiar,0,Si
1495,Masculino,AUXILIAR,34,2,VP FINANCIERA,3155692,0.2147,CONTADURIA PUBLICA,Tecnológico,4,Arrendada,1,No
1782,Masculino,COORDINADOR,50,13,VP SEGUROS COLOMBIA,6985492,0.6119,Sin información,Maestría,4,Propia,2,Si
306,Femenino,DIRECTOR,53,32,VP FINANCIERA,12910182,0.2744,CONTADURIA PUBLICA,Especialización,5,Propia,1,Si
2166,Femenino,AUXILIAR,43,7,VP FINANCIERA,2030501,0.1281,ADMINISTRACION FINANCIERA,Tecnológico,Sin información,Sin información,Sin información,Sin información
421,Masculino,DIRECTOR,35,2,VP FINANCIERA,12910182,0.4394,CONTADURIA,Especialización,5,Propia,2,Si
39,Femenino,AUXILIAR,55,8,VP SEGUROS COLOMBIA,3098036,0.3937,DISEÑO INDUSTRIAL,Tecnológico,3,Familiar,1,No
85,Femenino,ANALISTA,28,4,VP SEGUROS COLOMBIA,4327603,0.2148,INGENIERIA ADMINISTRATIVA,Especialización,Sin información,Sin información,Sin información,Sin información
1387,Femenino,DIRECTOR,49,24,VP FINANCIERA,12910182,0.2723,Sin información,Especialización,6,Propia,0,Si
1415,Masculino,ANALISTA,35,13,VP SEGURIDAD SOCIAL,4467464,0.3854,ADMINISTRACION FINANCIERA,Especialización,3,Familiar,1,Si
736,Masculino,DIRECTOR,49,23,VP FINANCIERA,12910182,0.442,CONTADURIA PUBLICA,Especialización,Sin información,Sin información,Sin información,Sin información
1115,Femenino,AUXILIAR,28,5,VP FINANCIERA,2539555,0.1907,CONTADURIA PUBLICA,Especialización,3,Familiar,0,No
1351,Masculino,ANALISTA,41,4,VP SEGUROS COLOMBIA,4327603,0.3803,INGENIERIA INFORMATICA,Especialización,Sin información,Sin información,Sin información,Sin información
2117,Femenino,AUXILIAR,31,13,VP FINANCIERA,3155692,0.1894,ADMINISTRACION PUBLICA,Especialización,2,Familiar,0,No
147,Masculino,ANALISTA,32,4,VP SEGUROS COLOMBIA,4327603,0.2791,INGENIERIA DE MERCADOS,Maestría,5,Propia,0,No
1345,Femenino,AUXILIAR,33,8,VP FINANCIERA,2030501,0.08,Sin información,Especialización,Sin información,Sin información,Sin información,Sin información
1794,Femenino,ANALISTA,36,10,VP SEGUROS COLOMBIA,4327603,0.1449,INGENIERIA MECANICA,Universitario,3,Arrendada,2,No
3044,Femenino,AUXILIAR,22,1,VP FINANCIERA,2030501,0.136,GESTION DE EMPRESAS,Tecnológico,2,Arrendada,0,No
1285,Femenino,COORDINADOR,45,22,VP FINANCIERA,6377860,0.2428,CONTADURIA Y FINANZAS,Universitario,3,Arrendada,2,No
899,Masculino,ANALISTA,58,39,VP SEGUROS COLOMBIA,4504793,0.4035,TRIBUTARIA,Universitario,6,Propia,2,Si
808,Femenino,AUXILIAR,51,9,VP FINANCIERA,2030501,0.2301,ADMINISTRACION,Técnico,Sin información,Sin información,Sin información,Sin información
995,Femenino,ANALISTA,27,2,VP SEGUROS COLOMBIA,4504793,0.1976,INGENIERA AMBIENTAL,Universitario,6,Familiar,0,No
1222,Masculino,AUXILIAR,46,4,VP FINANCIERA,2030501,0.4332,ADMINISTRACION DE EMPRESAS,Universitario,3,Propia,2,No
5812,Femenino,AUXILIAR,41,16,VP SEGURIDAD SOCIAL,3053092,0.4184,ADMINISTRACION DE EMPRESAS,Especialización,4,Arrendada,0,No
1953,Femenino,AUXILIAR,52,21,VP SEGURIDAD SOCIAL,3053092,0.4889,ADMINISTRACION DE EMPRESAS,Universitario,3,Familiar,3,Si
732,Femenino,ANALISTA,37,8,VP FINANCIERA,3176066,0.4015,ADMINISTRACION DE EMPRESAS,Universitario,3,Familiar,1,Si
84,Femenino,DIRECTOR,31,5,VP FINANCIERA,12538990,0.3211,ADMINISTRACION DE EMPRESAS,Maestría,4,Propia,0,No
1670,Femenino,COORDINADOR,42,19,VP SEGUROS COLOMBIA,6560512,0.4431,INGENIERIA INDUSTRIAL,Especialización,4,Propia,1,Si
1400,Femenino,COORDINADOR,39,12,VP SEGUROS COLOMBIA,6985492,0.2907,INGENIERIA MECANICA,Universitario,4,Propia,0,Si
821,Femenino,ANALISTA,37,7,VP SEGUROS COLOMBIA,4327603,0.1938,INGENIERIA CIVIL,Maestría,5,Familiar,0,Si
1374,Femenino,ANALISTA,31,8,VP SEGUROS COLOMBIA,4327603,0.1553,INGENIERIA INDUSTRIAL,Universitario,3,Familiar,0,No
1743,Masculino,ANALISTA,23,4,VP FINANCIERA,3176066,0.2783,FINANZAS Y NEGOCIOS INTERNACIONALES,Universitario,2,Familiar,0,No
827,Femenino,ANALISTA,32,0,VP SEGURIDAD SOCIAL,4467464,0.1891,INGENIERIA ADMINISTRATIVA,Universitario,Sin información,Sin información,Sin información,Sin información
922,Femenino,ANALISTA,38,13,VP FINANCIERA,4467464,0.1164,PSICOLOGIA,Universitario,3,Arrendada,0,No
2966,Femenino,COORDINADOR,47,8,VP FINANCIERA,6214540,0.3806,CONTADURIA PUBLICA,Universitario,3,Propia,1,Si
1250,Femenino,AUXILIAR,29,6,VP FINANCIERA,3053092,0.3518,ADMINISTRACION DE EMPRESAS,Universitario,3,Propia,0,No
2107,Femenino,AUXILIAR,36,5,VP SEGUROS COLOMBIA,3098036,0.3534,GESTION Y ADMINISTRACION DE EMPRESAS,Tecnológico,Sin información,Sin información,Sin información,Sin información
1078,Femenino,ANALISTA,39,8,VP SEGUROS COLOMBIA,4504793,0.1964,Sin información,Especialización,5,Propia,0,No
700,Masculino,DIRECTOR,41,7,VP FINANCIERA,12910182,0.6027,CONTADURIA PUBLICA,Especialización,4,Propia,2,Si
1746,Femenino,AUXILIAR,18,0,VP FINANCIERA,2539555,0.08,AUXILIAR ADMINISTRATIVO,Técnico,Sin información,Sin información,Sin información,Sin información
1440,Femenino,ANALISTA,58,31,VP SEGUROS COLOMBIA,4327603,0.4098,BACHILLER,Secundaria,4,Propia,2,Si
1958,Femenino,AUXILIAR,26,5,VP SEGURIDAD SOCIAL,2581338,0.1574,ADMINISTRACION DE EMPRESAS Y FINANZAS,Universitario,3,Arrendada,0,No
1646,Femenino,ANALISTA,33,0,VP FINANCIERA,3176066,0.08,ADMINISTRACION DE EMPRESAS,Universitario,Sin información,Sin información,Sin información,Sin información
850,Masculino,ANALISTA,24,2,VP FINANCIERA,4467464,0.1045,PREPRENSA-IMPRESION Y ACABADOS,Universitario,4,Familiar,0,No
34,Femenino,ANALISTA,37,0,VP SEGURIDAD SOCIAL,4079122,0.1229,INGENIERIA DE SISTEMAS,Especialización,Sin información,Sin información,Sin información,Sin información
537,Femenino,ANALISTA,29,4,VP SEGUROS COLOMBIA,4327603,0.1451,INGENIERIA MECANICA,Especialización,3,Familiar,0,Si
4936,Femenino,AUXILIAR,31,11,VP FINANCIERA,2030501,0.2562,ADMINISTRACION,Universitario,Sin información,Sin información,Sin información,Sin información
274,Femenino,AUXILIAR,42,7,VP FINANCIERA,2030501,0.4168,ADMINISTRACION DE EMPRESAS,Técnico,Sin información,Sin información,Sin información,Sin información
2738,Femenino,ANALISTA,42,9,VP SEGURIDAD SOCIAL,4135501,0.2076,CONTABILIDAD SISTEMATIZADA,Técnico,5,Propia,2,No
1142,Femenino,COORDINADOR,28,2,VP FINANCIERA,6214540,0.2256,ECONOMIA,Maestría,5,Arrendada,0,Si
430,Masculino,AUXILIAR,53,13,VP SEGURIDAD SOCIAL,3155692,0.4545,BACHILLER,Secundaria,3,Propia,0,Si
2735,Femenino,DIRECTOR,40,14,VP SEGUROS COLOMBIA,13447710,0.3676,DERECHO Y CIENCIAS POLITICAS,Especialización,5,Propia,2,Si
942,Masculino,ANALISTA,30,8,VP SEGUROS COLOMBIA,4327603,0.2975,INGENIERIA DE SISTEMAS,Especialización,4,Arrendada,1,Si
791,Femenino,COORDINADOR,45,18,VP FINANCIERA,6377860,0.1959,CONTADURIA,Especialización,Sin información,Sin información,Sin información,Sin información
4278,Femenino,AUXILIAR,54,12,VP FINANCIERA,2030501,0.3624,BACHILLER,Secundaria,4,Familiar,1,No
1863,Femenino,AUXILIAR,63,40,VP FINANCIERA,3155692,0.3621,DERECHO,Universitario,3,Propia,1,Si
656,Masculino,ANALISTA,29,1,VP SEGURIDAD SOCIAL,4079122,0.1128,BIOINGENIERIA,Universitario,Sin información,Sin información,Sin información,Sin información
780,Masculino,DIRECTOR,40,10,VP SEGUROS COLOMBIA,13549700,0.3159,INGENIERIA DE PRODUCCION,Especialización,4,Propia,0,Si
388,Femenino,AUXILIAR,34,6,VP FINANCIERA,3053092,0.3171,CONTADURIA PUBLICA,Universitario,2,Arrendada,1,No
1887,Femenino,ANALISTA,41,14,VP FINANCIERA,3176066,0.3134,ADMINISTRACION DE EMPRESAS,Universitario,Sin información,Sin información,Sin información,Sin información
221,Masculino,AUXILIAR,35,10,VP FINANCIERA,3155692,0.5128,ADMINISTRACION FINANCIERA,Universitario,Sin información,Sin información,Sin información,Sin información
1381,Femenino,ANALISTA,54,32,VP FINANCIERA,4467464,0.1913,CONTADURIA PUBLICA,Universitario,3,Propia,2,No
1844,Femenino,AUXILIAR,40,13,VP FINANCIERA,2030501,0.2644,AUXILIAR CONTABLE,Técnico,4,Propia,1,No
1639,Femenino,COORDINADOR,36,11,VP FINANCIERA,6214540,0.4521,ADMINISTRACION DE EMPRESAS,Especialización,4,Propia,1,Si
1332,Femenino,ANALISTA,28,2,VP SEGUROS COLOMBIA,4327603,0.1547,INGENIERIA MECANICA,Universitario,4,Propia,0,Si
225,Femenino,AUXILIAR,32,6,VP FINANCIERA,3053092,0.0925,ADMINISTRACION DE EMPRESAS,Universitario,3,Arrendada,0,No
1776,Femenino,GERENTE,34,12,VP FINANCIERA,26211135,0.4411,INGENIERIA ADMINISTRATIVA,Maestría,5,Propia,0,Si
1709,Femenino,COORDINADOR,34,10,VP FINANCIERA,6214540,0.2088,CONTADURIA PUBLICA,Universitario,3,Propia,0,No
5124,Femenino,ANALISTA,58,32,VP SEGUROS COLOMBIA,4504793,0.2748,BACHILLER,Secundaria,4,Arrendada,3,No
715,Masculino,ANALISTA,29,5,VP SEGUROS COLOMBIA,4327603,0.4441,INGENIERIA CIVIL,Universitario,2,Arrendada,0,No
1565,Masculino,ANALISTA,37,10,VP SEGUROS COLOMBIA,4327603,0.2851,INGENIERIA ELECTRONICA,Maestría,5,Familiar,1,Si
32,Femenino,AUXILIAR,29,2,VP FINANCIERA,2030501,0.361,ADMINISTRACION DE SERVICIOS PARA AEROLINEAS,Tecnológico,3,Familiar,1,No
35,Femenino,ANALISTA,33,7,VP SEGURIDAD SOCIAL,4467464,0.099,INGENIERIA ELECTRONICA,Maestría,4,Familiar,0,Si
1299,Femenino,ANALISTA,27,4,VP FINANCIERA,4467464,0.1468,INGENIERIA MATEMATICA,Universitario,3,Arrendada,0,No
1293,Femenino,AUXILIAR,35,10,VP FINANCIERA,2030501,0.3331,FINANZAS Y NEGOCIOS INTERNACIONALES,Universitario,Sin información,Sin información,Sin información,Sin información
440,Femenino,AUXILIAR,26,2,VP SEGUROS COLOMBIA,3028779,0.108,SECRETARIADO BILINGUE,Técnico,4,Arrendada,0,No
95,Femenino,ANALISTA,29,3,VP SEGURIDAD SOCIAL,4467464,0.2411,ARQUITECTURA,Universitario,3,Familiar,0,Si
275,Masculino,ANALISTA,28,7,VP SEGURIDAD SOCIAL,4467464,0.1132,Sin información,Especialización,4,Arrendada,0,Si
1908,Femenino,AUXILIAR,37,11,VP FINANCIERA,3053092,0.3537,ADMINISTRACION DE EMPRESAS,Universitario,4,Propia,1,Si
1956,Femenino,ANALISTA,28,4,VP SEGURIDAD SOCIAL,4467464,0.4338,INGENIERIA MECANICA,Especialización,4,Propia,0,No
566,Femenino,AUXILIAR,33,5,VP SEGURIDAD SOCIAL,3053092,0.2342,REGENCIA DE FARMACIA,Tecnológico,2,Arrendada,0,Si
1750,Femenino,ANALISTA,30,6,VP SEGUROS COLOMBIA,4327603,0.3829,CIENCIAS POLITICAS,Maestría,Sin información,Sin información,Sin información,Sin información
837,Femenino,DIRECTOR,46,22,VP FINANCIERA,12910182,0.6715,Sin información,Especialización,6,Propia,1,Si
887,Femenino,ANALISTA,25,4,VP FINANCIERA,4467464,0.1736,Sin información,Especialización,4,Familiar,0,No
2091,Femenino,DIRECTOR,40,13,VP FINANCIERA,12230823,0.4308,INGENIERIA INDUSTRIAL,Especialización,4,Propia,1,No
672,Masculino,ANALISTA,45,17,VP FINANCIERA,3176066,0.4919,CONTADURIA PUBLICA,Universitario,2,Familiar,1,No
2494,Femenino,DIRECTOR,39,7,VP SEGUROS COLOMBIA,13447710,0.527,INGENIERIA FINANCIERA,Maestría,6,Propia,1,Si
2870,Femenino,ANALISTA,24,0,,4467464,0.09,INGENIERIA AMBIENTAL,Universitario,Sin información,Sin información,Sin información,Sin información
1441,Masculino,AUXILIAR,32,6,VP FINANCIERA,2030501,0.425,PSICOLOGIA,Universitario,Sin información,Sin información,Sin información,Sin información
1409,Femenino,AUXILIAR,50,26,VP FINANCIERA,2030501,0.3003,BACHILLER,Secundaria,3,Propia,3,No
1021,Masculino,ANALISTA,35,12,VP FINANCIERA,3176066,0.2454,INGENIERIA INDUSTRIAL,Universitario,Sin información,Sin información,Sin información,Sin información
1735,Femenino,AUXILIAR,52,15,VP SEGURIDAD SOCIAL,3053092,0.3252,MECANICA INDUSTRIAL,Técnico,3,Propia,2,Si
181,Masculino,AUXILIAR,50,25,VP FINANCIERA,3155692,0.2893,INGENIERIA DE SISTEMAS,Universitario,Sin información,Sin información,Sin información,Sin información
2308,Femenino,GERENTE,52,26,VP FINANCIERA,26211135,0.5003,INGENIERIA DE SISTEMAS,Universitario,Sin información,Sin información,Sin información,Sin información
659,Masculino,ANALISTA,27,2,VP FINANCIERA,4467464,0.4377,ECONOMIA,Especialización,3,Familiar,0,Si
858,Femenino,AUXILIAR,40,4,VP FINANCIERA,2030501,0.1888,CONTABILIDAD Y FINANZAS,Universitario,Sin información,Sin información,Sin información,Sin información
4800,Femenino,AUXILIAR,28,1,VP SEGUROS COLOMBIA,3098036,0.3406,INGENIERIA INDUSTRIAL,Universitario,3,Familiar,0,Si
1754,Masculino,DIRECTOR,48,23,VP SEGUROS COLOMBIA,13447710,0.3238,ADMINISTRACION AGROPECUARIA,Universitario,3,Propia,2,Si
460,Masculino,ANALISTA,33,1,VP FINANCIERA,4467464,0.2198,CONTADURIA PUBLICA,Especialización,Sin información,Sin información,Sin información,Sin información
1341,Femenino,ANALISTA,32,4,VP SEGURIDAD SOCIAL,4467464,0.1365,QUIMICA FARMACEUTICA,Universitario,3,Familiar,1,Si
1653,Femenino,ANALISTA,34,5,VP SEGUROS COLOMBIA,4327603,0.4136,INGENIERIA MECANICA,Especialización,4,Propia,0,No
1796,Femenino,GERENTE,58,30,,1000,0.4923,Sin información,Especialización,6,Propia,1,Si
231,Masculino,DIRECTOR,34,2,VP FINANCIERA,12230823,0.4428,Sin información,Maestría,5,Propia,1,Si
123,Femenino,AUXILIAR,35,6,VP SEGURIDAD SOCIAL,2785075,0.4324,ARQUITECTURA,Tecnológico,5,Familiar,1,No
900,Femenino,ANALISTA,52,31,VP SEGUROS COLOMBIA,4327603,0.5166,SECRETARIADO EJECUTIVO,Técnico,3,Propia,2,Si
167,Masculino,COORDINADOR,45,8,VP SEGURIDAD SOCIAL,10955975,0.5291,INGENIERIA CIVIL,Especialización,6,Familiar,2,Si
462,Masculino,ANALISTA,34,0,VP SEGURIDAD SOCIAL,4467464,0.1436,INGENIERIA INDUSTRIAL,Especialización,Sin información,Sin información,Sin información,Sin información
1759,Femenino,AUXILIAR,55,33,VP SEGUROS COLOMBIA,3098036,0.3228,INGENIERIA INDUSTRIAL,Secundaria,3,Propia,2,Si
2739,Femenino,COORDINADOR,30,8,VP FINANCIERA,6377860,0.4484,Sin información,Especialización,3,Familiar,0,Si
1563,Femenino,AUXILIAR,48,10,VP FINANCIERA,3053092,0.2273,INGLES,Técnico,2,Propia,2,No
1773,Femenino,ANALISTA,24,0,,4467464,0.09,INGENIERIA AMBIENTAL,Universitario,Sin información,Sin información,Sin información,Sin información
1117,Masculino,ANALISTA,45,23,VP SEGURIDAD SOCIAL,4467464,0.3153,ADMINISTRACION DE EMPRESAS,Universitario,3,Arrendada,0,No
1244,Femenino,DIRECTOR,44,22,VP FINANCIERA,12538990,0.4271,CONTADURIA PUBLICA,Especialización,Sin información,Sin información,Sin información,Sin información
2321,Femenino,COORDINADOR,40,15,VP FINANCIERA,6214540,0.3283,CONTADURIA PUBLICA,Especialización,5,Propia,2,Si
443,Femenino,ANALISTA,30,7,VP SEGUROS COLOMBIA,4327603,0.5012,INGENIERIA MECANICA,Universitario,3,Familiar,0,No
1532,Femenino,AUXILIAR,46,13,VP FINANCIERA,2030501,0.2493,Sin información,sin información,Sin información,Sin información,Sin información,Sin información
1783,Masculino,ANALISTA,34,1,VP SEGUROS COLOMBIA,4327603,0.09,INGENIERIA AGRONOMICA,Universitario,Sin información,Sin información,Sin información,Sin información
1534,Masculino,ANALISTA,31,7,VP SEGURIDAD SOCIAL,4467464,0.243,ADMINISTRACION DE EMPRESAS,Universitario,4,Arrendada,0,No
187,Masculino,ANALISTA,26,5,VP FINANCIERA,4135501,0.3884,INGENIERIA ADMINISTRATIVA,Especialización,3,Familiar,0,No
884,Masculino,DIRECTOR,44,20,VP SEGURIDAD SOCIAL,12910182,0.4115,INGENIERIA DE SISTEMAS,Universitario,6,Familiar,2,Si
5843,Femenino,AUXILIAR,22,2,VP FINANCIERA,2030501,0.4431,GESTION BANCARIA Y DE ENTIDADES FINANCIERAS,Tecnológico,3,Familiar,0,No
1898,Femenino,ANALISTA,37,4,VP FINANCIERA,3176066,0.2838,ADMINISTRACION DE EMPRESAS,Universitario,3,Propia,1,Si
285,Femenino,ANALISTA,42,4,VP FINANCIERA,3176066,0.2103,Sin información,Especialización,3,Propia,0,Si
558,Masculino,COORDINADOR,37,9,VP SEGUROS COLOMBIA,6560512,0.3633,INGENIERIA AMBIENTAL,Especialización,4,Propia,2,Si
148,Masculino,ANALISTA,33,4,VP SEGUROS COLOMBIA,4327603,0.1602,INGENIERIA MECANICA,Maestría,3,Propia,1,Si
1233,Femenino,DIRECTOR,36,1,VP FINANCIERA,12910182,0.3284,CONTADURIA PUBLICA,Maestría,5,Familiar,0,Si
5790,Femenino,AUXILIAR,36,5,VP SEGUROS COLOMBIA,3098036,0.08,GESTION ADMINISTRATIVA Y FINANCIERA,Tecnológico,3,Familiar,1,No
1649,Femenino,PRACTICANTE,22,0,VP SEGUROS COLOMBIA,1700000,0.08,INGENIERIA CIVIL,Universitario,Sin información,Sin información,Sin información,Sin información
4595,Femenino,DIRECTOR,46,11,VP SEGURIDAD SOCIAL,12910182,0.3005,INGENIERIA CIVIL,Especialización,6,Familiar,1,Si
2706,Femenino,ANALISTA,49,14,VP SEGUROS COLOMBIA,4327603,0.35,ADMINISTRACION DE RIESGOS Y SEGUROS,Tecnológico,4,Propia,1,Si
1687,Femenino,ANALISTA,40,13,VP SEGUROS COLOMBIA,4327603,0.444,ADMINISTRACION DE EMPRESAS INDUSTRIALES,Universitario,4,Propia,0,Si
1481,Masculino,ANALISTA,27,0,VP FINANCIERA,4467464,0.1141,ESTADISTICA,Especialización,Sin información,Sin información,Sin información,Sin información
1362,Femenino,COORDINADOR,56,32,VP FINANCIERA,6377860,0.4322,CONTADURIA,Universitario,5,Propia,2,No
4607,Femenino,ANALISTA,35,8,VP SEGUROS COLOMBIA,4327603,0.1485,Sin información,Especialización,2,Propia,0,Si
201,Masculino,ANALISTA,41,11,VP SEGUROS COLOMBIA,4327603,0.5279,INGENIERIA INDUSTRIAL,Especialización,3,Familiar,2,Si
1677,Femenino,COORDINADOR,59,15,VP SEGURIDAD SOCIAL,10955975,0.3796,Sin información,Maestría,Sin información,Sin información,Sin información,Sin información
948,Masculino,AUXILIAR,52,32,VP FINANCIERA,3053092,0.2135,BACHILLER,Secundaria,4,Propia,2,Si
478,Masculino,ANALISTA,28,5,VP SEGUROS COLOMBIA,4327603,0.2903,INGENIERIA CIVIL,Especialización,5,Familiar,0,No
1658,Masculino,AUXILIAR,35,9,VP SEGURIDAD SOCIAL,3053092,0.3278,BACHILLER,Secundaria,2,Arrendada,1,No
1548,Femenino,ANALISTA,28,0,VP FINANCIERA,3176066,0.08,ADMINISTRACION DE NEGOCIOS,Universitario,Sin información,Sin información,Sin información,Sin información
788,Masculino,AUXILIAR,58,10,VP FINANCIERA,2030501,0.1753,TECNICA PROFESIONAL,Técnico,2,Propia,0,No
754,Masculino,AUXILIAR,22,1,VP FINANCIERA,3053092,0.4248,GESTION EN FINANZAS,Universitario,Sin información,Sin información,Sin información,Sin información
390,Masculino,PRACTICANTE,23,0,VP FINANCIERA,1700000,0.08,SISTEMAS,Técnico,Sin información,Sin información,Sin información,Sin información
162,Masculino,AUXILIAR,25,1,VP FINANCIERA,2030501,0.08,ANALISIS DE COSTOS Y PRESUPUESTOS,Tecnológico,1,Propia,0,No
1805,Femenino,ANALISTA,31,3,VP FINANCIERA,3176066,0.1161,ADMINISTRACION DE EMPRESAS,Universitario,2,Familiar,0,Si
1423,Femenino,AUXILIAR,24,2,VP FINANCIERA,3053092,0.2535,CONTADURIA PUBLICA,Universitario,3,Familiar,0,No
214,Masculino,AUXILIAR,42,13,VP FINANCIERA,2030501,0.1251,ADMINISTRACION FINANCIERA,Universitario,3,Propia,2,No
1061,Masculino,AUXILIAR,44,5,VP SEGURIDAD SOCIAL,2539555,0.2864,ADMINISTRACION DE EMPRESAS,Universitario,2,Propia,1,No
129,Femenino,AUXILIAR,29,7,VP FINANCIERA,2030501,0.3869,ADMINISTRACION DE EMPRESAS,Universitario,3,Arrendada,0,Si
474,Masculino,ANALISTA,53,24,VP SEGUROS COLOMBIA,4504793,0.3951,INGENIERIA DE SISTEMAS,Universitario,5,Propia,1,Si
1243,Femenino,AUXILIAR,44,11,VP FINANCIERA,3155692,0.2893,ADMINISTRACION DE EMPRESAS,Especialización,5,Propia,1,Si
1234,Femenino,ANALISTA,29,1,VP FINANCIERA,3176066,0.1821,ADMINISTRACION BANCARIA,Técnico,4,Familiar,1,Si
1992,Femenino,ANALISTA,26,1,VP FINANCIERA,3176066,0.2883,ADMINISTRACION DE EMPRESAS,Especialización,Sin información,Sin información,Sin información,Sin información
835,Masculino,ANALISTA,31,6,VP FINANCIERA,3176066,0.1325,ADMINISTRACION DE EMPRESAS Y FINANZAS,Especialización,4,Familiar,0,No
1550,Femenino,AUXILIAR,26,4,VP FINANCIERA,3155692,0.2934,CONTADURIA PUBLICA,Universitario,3,Arrendada,0,No
1592,Masculino,AUXILIAR,51,9,VP SEGURIDAD SOCIAL,3053092,0.3989,BACHILLER,Secundaria,3,Familiar,1,No
1269,Femenino,ANALISTA,36,11,VP FINANCIERA,3176066,0.2934,ADMINISTRACION DE EMPRESAS,Tecnológico,3,Arrendada,1,No
941,Masculino,AUXILIAR,47,9,VP SEGURIDAD SOCIAL,3053092,0.1571,LOGISTICA Y DISTRIBUCION,Técnico,2,Familiar,2,Si
781,Femenino,DIRECTOR,40,13,VP SEGUROS COLOMBIA,13549700,0.2633,Sin información,Especialización,3,Propia,2,Si
1354,Femenino,ANALISTA,58,38,VP SEGURIDAD SOCIAL,4467464,0.4927,BACHILLER,Secundaria,5,Propia,2,Si
149,Femenino,DIRECTOR,39,13,VP FINANCIERA,7981641,0.4805,ADMINISTRACION DE EMPRESAS,Maestría,5,Propia,1,Si
137,Masculino,AUXILIAR,30,6,VP FINANCIERA,3053092,0.3627,CONTADURIA PUBLICA,Universitario,2,Arrendada,1,No
1607,Femenino,ANALISTA,32,7,VP SEGURIDAD SOCIAL,4467464,0.4865,INGENIERIA ELECTRICA,Especialización,5,Arrendada,0,Si
105,Femenino,ANALISTA,27,2,VP FINANCIERA,4744052,0.2172,CONTABILIDAD PUBLICA,Universitario,6,Arrendada,0,Si
1719,Femenino,ANALISTA,23,1,VP FINANCIERA,4467464,0.2253,CONTADURIA PUBLICA,Universitario,Sin información,Sin información,Sin información,Sin información
1701,Femenino,ANALISTA,57,18,VP SEGUROS COLOMBIA,4327603,0.3839,ADMINISTRACION INTEGRAL DE SEGUROS,Tecnológico,5,Propia,2,Si
875,Masculino,ANALISTA,29,0,,4467464,0.224,ADMINISTRACION,Especialización,Sin información,Sin información,Sin información,Sin información
1954,Femenino,ANALISTA,35,4,VP SEGURIDAD SOCIAL,4467464,0.4569,INGENIERIA ELECTRONICA,Universitario,2,Arrendada,0,No
1769,Femenino,AUXILIAR,22,0,VP FINANCIERA,2030501,0.1256,ADMINISTRACION DE EMPRESAS Y FINANZAS,Técnico,3,Propia,0,No
213,Masculino,ANALISTA,31,1,VP SEGUROS COLOMBIA,4327603,0.09,INGENIERIA DE SISTEMAS,Especialización,Sin información,Sin información,Sin información,Sin información
843,Masculino,ANALISTA,57,30,VP SEGUROS COLOMBIA,4504793,0.2197,ADMINISTRACION DE EMPRESAS,Universitario,3,Propia,1,No
863,Masculino,DIRECTOR,35,11,VP FINANCIERA,12538990,0.3922,CONTADURIA PUBLICA,Especialización,4,Propia,1,Si
69,Masculino,ANALISTA,28,6,VP SEGUROS COLOMBIA,4327603,0.4799,SISTEMAS,Tecnológico,3,Familiar,0,Si
11,Masculino,ANALISTA,53,14,VP FINANCIERA,3176066,0.2609,ADMINISTRACION DE EMPRESAS,Universitario,4,Propia,1,No
1661,Femenino,ANALISTA,26,2,VP SEGURIDAD SOCIAL,4135501,0.2183,INGENIERIA AMBIENTAL,Universitario,5,Propia,0,Si
982,Femenino,AUXILIAR,27,5,VP FINANCIERA,2030501,0.2519,ADMINISTRACION FINANCIERA,Técnico,2,Familiar,0,No
1760,Femenino,COORDINADOR,31,8,VP FINANCIERA,6377860,0.1944,INGENIERIA ADMINISTRATIVA,Universitario,Sin información,Sin información,Sin información,Sin información
341,Masculino,ANALISTA,33,7,VP SEGUROS COLOMBIA,4327603,0.3052,INGENIERIA DE SISTEMAS,Especialización,5,Propia,0,No
1654,Femenino,AUXILIAR,35,5,VP SEGUROS COLOMBIA,3098036,0.2877,MERCADEO Y COMERCIALIZACION,Universitario,4,Arrendada,1,Si
1470,Femenino,ANALISTA,29,2,VP FINANCIERA,4744052,0.1124,CONTADURIA,Especialización,4,Propia,0,Si
4344,Femenino,ANALISTA,29,4,VP FINANCIERA,4744052,0.1277,CONTABILIDAD PUBLICA,Especialización,3,Propia,0,No
1696,Femenino,ANALISTA,29,2,VP SEGURIDAD SOCIAL,4135501,0.09,INGENIERIA CIVIL,Universitario,5,Arrendada,0,No
1918,Femenino,ANALISTA,27,5,VP FINANCIERA,4744052,0.1196,INGENIERIA ADMINISTRATIVA,Especialización,3,Propia,0,No
1576,Femenino,AUXILIAR,37,3,VP FINANCIERA,2539555,0.2802,Sin información,sin información,Sin información,Sin información,Sin información,Sin información
1034,Masculino,ANALISTA,54,31,VP SEGUROS COLOMBIA,4504793,0.3448,ADMINISTRACION DE EMPRESAS,Universitario,3,Propia,2,No
1924,Femenino,ANALISTA,56,18,VP SEGURIDAD SOCIAL,4467464,0.5878,ADMINISTRACION DE NEGOCIOS INTERNACIONALES,Universitario,5,Propia,2,Si
1304,Femenino,COORDINADOR,35,7,VP SEGUROS COLOMBIA,6560512,0.2021,INGENIERIA MECANICA,Universitario,4,Propia,0,No
916,Masculino,ANALISTA,30,9,VP FINANCIERA,4467464,0.5519,INGENIERIA INDUSTRIAL,Universitario,4,Propia,0,Si
753,Femenino,ANALISTA,38,6,VP SEGURIDAD SOCIAL,3176066,0.2457,INGENIERIA AMBIENTAL,Especialización,5,Propia,0,No
1258,Masculino,ANALISTA,24,1,VP FINANCIERA,4467464,0.1444,INGENIERIA FINANCIERA,Universitario,Sin información,Sin información,Sin información,Sin información
1590,Femenino,AUXILIAR,27,4,VP FINANCIERA,2785075,0.3994,ADMINISTRACION DE EMPRESAS,Universitario,5,Arrendada,0,No
1621,Femenino,DIRECTOR,46,3,VP SEGUROS COLOMBIA,13549700,0.3468,INGENIERIA MECANICA,Especialización,4,Propia,3,Si
354,Femenino,DIRECTOR,31,4,VP SEGUROS COLOMBIA,13549700,0.253,DERECHO,Especialización,6,Arrendada,0,No
1656,Femenino,COORDINADOR,53,32,VP FINANCIERA,6377860,0.6381,DERECHO Y CIENCIAS POLITICAS,Universitario,5,Arrendada,4,Si
989,Masculino,ANALISTA,32,6,VP FINANCIERA,4467464,0.503,INGENIERIA INDUSTRIAL,Especialización,5,Arrendada,0,Si
164,Femenino,DIRECTOR,57,25,VP SEGUROS COLOMBIA,13447710,0.3836,CONTADURIA PUBLICA,Universitario,6,Arrendada,2,Si
1983,Femenino,AUXILIAR,51,10,VP FINANCIERA,2030501,0.483,CONTABILIDAD Y FINANZAS,Tecnológico,4,Propia,0,No
6331,Femenino,AUXILIAR,29,2,VP FINANCIERA,2785075,0.1119,CONTADURIA PUBLICA,Universitario,4,Familiar,0,Si
347,Masculino,ANALISTA,44,22,VP FINANCIERA,4467464,0.1485,CONTADURIA PUBLICA,Especialización,3,Arrendada,2,Si
2110,Femenino,AUXILIAR,52,31,VP FINANCIERA,3155692,0.3781,Otro,Secundaria,5,Arrendada,1,No
1422,Masculino,ANALISTA,28,3,VP FINANCIERA,4467464,0.09,INGENIERIA ADMINISTRATIVA,Especialización,4,Familiar,0,No
1870,Femenino,ANALISTA,43,3,VP SEGURIDAD SOCIAL,4467464,0.3094,ADMINISTRACION FINANCIERA,Universitario,3,Propia,1,No
1472,Femenino,AUXILIAR,59,27,,3053092,0.4052,Sin información,sin información,Sin información,Sin información,Sin información,Sin información
1071,Masculino,AUXILIAR,27,2,VP FINANCIERA,3053092,0.6708,ADMINSTRACION FINANCIERA,Universitario,2,Arrendada,1,No
807,Masculino,AUXILIAR,25,1,VP SEGUROS COLOMBIA,3098036,0.2547,ADMINISTRACION TECNOLOGICA,Universitario,Sin información,Sin información,Sin información,Sin información
1692,Femenino,PRACTICANTE,24,0,VP FINANCIERA,1700000,0.08,INGENIERIA DE SISTEMAS,Universitario,Sin información,Sin información,Sin información,Sin información
925,Femenino,ANALISTA,25,3,VP FINANCIERA,3176066,0.4036,INGENIERIA INDUSTRIAL,Universitario,3,Familiar,0,No
1955,Femenino,AUXILIAR,28,2,VP FINANCIERA,2030501,0.2012,GESTION DE EMPRESAS,Tecnológico,Sin información,Sin información,Sin información,Sin información
395,Femenino,ANALISTA,31,2,VP FINANCIERA,3176066,0.1938,COSTOS Y AUDITORIA,Tecnológico,3,Arrendada,0,Si
1376,Femenino,DIRECTOR,55,21,VP SEGURIDAD SOCIAL,12910182,0.2535,ADMINISTRACION DE NEGOCIOS,Universitario,6,Propia,0,Si
394,Femenino,AUXILIAR,25,1,VP SEGURIDAD SOCIAL,2539555,0.2018,INGENIERIA ADMINISTRATIVA,Especialización,Sin información,Sin información,Sin información,Sin información
8272,Femenino,ANALISTA,43,15,VP SEGUROS COLOMBIA,4504793,0.4313,GERENCIA EMPRESARIAL,Universitario,5,Propia,1,Si
710,Femenino,AUXILIAR,26,2,VP FINANCIERA,3155692,0.4873,GESTION ADMINISTRATIVA,Tecnológico,1,Familiar,0,No
4510,Femenino,COORDINADOR,32,6,VP SEGUROS COLOMBIA,6985492,0.4089,INGENIERIA CIVIL,Universitario,6,Propia,0,Si
3870,Femenino,ANALISTA,40,12,VP SEGURIDAD SOCIAL,4467464,0.547,CONSTRUCCION,Universitario,4,Propia,2,No
1774,Masculino,ANALISTA,38,11,VP SEGUROS COLOMBIA,4504793,0.1728,INGENIERIA CIVIL,Especialización,4,Propia,1,Si
193,Femenino,DIRECTOR,46,18,VP SEGURIDAD SOCIAL,12910182,0.4661,INGENIERIA INDUSTRIAL,Especialización,5,Propia,2,Si
425,Femenino,ANALISTA,51,13,VP SEGURIDAD SOCIAL,4467464,0.5135,Sin información,Especialización,5,Propia,0,Si
845,Femenino,ANALISTA,47,16,VP FINANCIERA,4467464,0.4039,CONTABILIDAD PUBLICA,Universitario,4,Propia,0,Si
968,Masculino,COORDINADOR,48,12,VP FINANCIERA,6377860,0.5045,CONTADURIA PUBLICA,Especialización,3,Propia,1,No
1077,Masculino,ANALISTA,25,3,VP FINANCIERA,4467464,0.3584,INGENIERIA ADMINISTRATIVA,Especialización,3,Arrendada,0,No
1811,Femenino,ANALISTA,35,7,VP SEGUROS COLOMBIA,4327603,0.2469,INGENIERIA DE PRODUCCION,Universitario,5,Propia,0,Si
1976,Femenino,ANALISTA,39,6,VP SEGUROS COLOMBIA,4327603,0.1023,INGENIERIA EN SISTEMAS Y COMPUTACION,Universitario,3,Propia,0,No
500,Femenino,ANALISTA,28,5,VP FINANCIERA,4467464,0.2596,CONTADURIA PUBLICA,Universitario,3,Familiar,0,No
384,Femenino,DIRECTOR,33,1,VP FINANCIERA,8163031,0.3263,INGENIERIA ADMINISTRATIVA,Especialización,Sin información,Sin información,Sin información,Sin información
706,Femenino,COORDINADOR,35,5,VP FINANCIERA,6377860,0.4367,INGENIERIA DE SISTEMAS,Maestría,6,Arrendada,0,Si
930,Masculino,ANALISTA,52,14,VP FINANCIERA,4135501,0.1841,CONTADURIA PUBLICA,Especialización,3,Propia,2,No
1173,Femenino,ANALISTA,26,4,VP FINANCIERA,4467464,0.267,INGENIERIA ADMINISTRATIVA,Universitario,4,Arrendada,1,Si
1095,Femenino,ANALISTA,24,2,VP FINANCIERA,1000,0.09,INGENIERIA ADMINISTRATIVA,Universitario,2,Familiar,0,No
1530,Femenino,AUXILIAR,30,4,VP FINANCIERA,2030501,0.342,CONTABILIDAD SISTEMATIZADA,Universitario,3,Propia,1,No
